image_id,iou,A_category,B_category,A_score,B_score,A_x,A_y,A_w,A_h,B_x,B_y,B_w,B_h
1,0.9743028710884314,24850,29345,0.98,0.734393,172.0,740.5,183.7,291.8,173.61,742.87,182.82,287.94
3,0.9793308085991927,24850,29345,0.986,0.555457,139.8,701.7,186.1,297.1,140.4,704.91,184.93,292.8
8,0.9671875177631193,27653,28763,0.989,0.981401,96.5,854.7,222.8,205.3,98.5,854.72,217.15,203.73
9,0.9697977935553377,27653,28763,0.982,0.993239,63.3,812.0,223.4,209.1,65.59,811.96,219.39,206.57
10,0.9889424824617542,21771,3483,0.984,0.389975,642.9,290.5,188.7,181.6,641.13,290.49,190.35,181.41
19,0.9656295169272572,36637,20877,0.94,0.783801,623.0,206.2,259.0,170.3,618.07,205.86,266.6,169.93
23,0.9589605693133147,27653,28763,0.981,0.99013,62.3,810.4,222.8,210.2,63.87,811.01,216.52,207.42
24,0.9664494433650161,27653,28763,0.991,0.98293,95.5,853.1,222.4,205.5,96.94,853.42,216.71,203.82
27,0.9843622605071964,13395,12081,0.989,0.909978,599.1,708.5,233.4,521.1,599.48,711.06,232.72,514.45
27,0.9445753112276527,23223,12778,0.977,0.994443,74.1,98.9,295.9,513.2,67.34,98.2,312.68,513.63
28,0.9502950912276743,27777,20877,0.987,0.891125,178.0,814.4,174.7,199.6,176.48,812.15,178.69,205.35
31,0.9730470546777862,12420,4543,0.995,0.989225,654.5,849.4,188.0,180.5,653.73,847.51,188.74,180.11
31,0.9479025450806223,6563,27926,0.964,0.993965,196.4,713.9,217.6,358.6,194.92,717.77,224.74,358.59
32,0.9787810966307122,12420,4543,0.991,0.995006,162.5,278.5,184.5,177.6,162.76,279.72,183.71,178.22
32,0.970277474454549,6563,27926,0.983,0.981592,582.9,231.7,212.8,337.4,579.93,230.94,217.92,336.73
46,0.9405634593105363,23223,12778,0.973,0.981246,99.7,112.9,310.7,498.5,102.4,100.81,315.75,512.73
47,0.9722393915090624,23223,12778,0.977,0.960841,527.6,587.6,311.3,503.1,527.36,592.93,306.48,497.95
53,0.9515105462646664,6192,19552,0.996,0.825706,96.9,105.9,360.8,484.4,93.07,116.29,358.89,473.22
53,0.9779115294892048,5886,13395,0.996,0.772705,606.5,682.0,240.9,507.7,603.81,681.05,242.94,505.24
54,0.9720208953407015,6192,25367,0.992,0.52143,467.7,639.6,368.2,485.4,463.12,643.65,371.16,479.73
54,0.9201229422347754,5886,12081,0.985,0.630237,114.6,83.0,229.5,477.6,123.03,90.48,216.62,465.58
58,0.9882260745056668,35206,27733,0.968,0.673916,554.6,90.7,279.2,368.1,555.12,87.84,279.28,371.0
72,0.9759243473803578,24850,29451,0.98,0.369206,149.8,775.7,200.7,279.1,152.7,776.71,198.16,279.34
73,0.9913050803596064,12247,16262,0.997,0.766712,591.9,849.2,213.1,127.3,591.56,849.3,212.82,127.64
73,0.9789865819578689,6563,27926,0.977,0.998145,166.2,673.0,219.3,364.2,165.49,672.29,223.3,364.46
75,0.9868224929486752,12247,16262,0.995,0.80837,618.2,879.9,211.2,124.5,619.4,880.33,209.79,124.46
75,0.9578740581771067,6563,27926,0.966,0.996376,198.3,714.3,217.9,358.4,196.19,717.68,223.32,358.34
88,0.9766288392419421,16551,27926,0.984,0.679515,608.7,51.4,287.4,479.3,607.64,48.44,291.4,480.48
89,0.9759311330579393,16551,35206,0.976,0.264622,582.6,43.8,276.4,468.1,582.91,43.81,282.53,468.0
90,0.9560042983136782,18110,33208,0.999,0.269679,610.0,217.0,300.4,285.6,609.45,221.84,297.67,285.16
100,0.9666615210472321,18110,3544,0.999,0.319993,45.9,746.0,309.5,298.1,46.45,749.4,304.19,296.26
113,0.9767147417625434,10221,33208,0.995,0.295574,126.5,845.9,227.2,227.0,125.86,845.22,229.32,225.11
115,0.9780935949010872,36637,20877,0.943,0.422396,101.1,881.7,268.2,179.0,97.36,880.75,272.26,180.28
124,0.9823124214239616,21771,3544,0.992,0.553875,686.3,884.3,199.2,192.4,686.14,883.36,199.34,191.03
124,0.9779960677912785,21026,21771,0.983,0.436392,673.3,272.4,176.4,173.0,674.38,273.79,175.12,170.43
125,0.9670411050598102,21026,3544,0.995,0.915631,138.2,867.9,178.0,178.3,138.75,869.39,178.57,174.02
126,0.9801324820274206,21026,3544,0.993,0.931664,103.8,833.6,180.0,180.5,103.86,833.15,180.07,177.99
127,0.9613407950816153,5094,3743,0.994,0.955936,137.8,858.5,285.9,285.4,136.06,854.89,282.34,289.69
127,0.9421521149674621,6192,12778,0.988,0.992254,130.8,137.9,300.0,553.2,136.55,151.8,293.22,533.25
128,0.972754408653138,5094,3743,0.992,0.849033,136.1,848.1,278.7,272.6,135.18,846.63,275.19,274.91
128,0.9511180004303637,6192,12778,0.987,0.940289,130.0,122.3,296.3,535.4,136.67,131.49,291.97,524.99
129,0.9822867709455972,5094,31863,0.99,0.45999,521.8,150.9,269.6,264.0,522.45,150.58,266.82,266.01
129,0.9643810901164367,6192,12778,0.986,0.946894,519.0,545.2,288.1,527.4,513.95,544.68,295.12,521.9
132,0.9563200519207131,27777,20877,0.989,0.780366,179.0,813.3,174.1,200.8,177.84,812.2,178.27,205.06
134,0.9647798326369865,27653,28763,0.984,0.988508,62.7,811.2,222.4,209.9,64.39,811.28,217.51,207.06
135,0.9736561481637629,27653,28763,0.989,0.979916,95.7,853.4,221.6,205.5,96.81,854.4,217.37,203.98
136,0.9773330203817807,44199,28763,0.984,0.510782,134.8,243.6,242.1,232.7,132.19,241.53,245.51,234.75
136,0.960930289689641,33009,34597,0.976,0.635967,566.3,213.9,321.7,294.3,568.9,211.3,318.29,290.93
142,0.973930836940534,21026,3544,0.996,0.970469,91.8,831.0,180.3,180.4,93.13,831.33,180.02,178.02
142,0.9776924517791474,44199,28763,0.982,0.846472,76.5,175.3,251.0,226.9,78.98,176.37,250.04,225.4
143,0.9762641298746199,21026,3544,0.994,0.958249,126.1,865.5,178.1,177.7,127.09,866.63,176.98,174.58
143,0.9889232141497057,44199,30308,0.993,0.267226,93.5,183.0,254.9,229.9,93.56,183.02,256.14,228.56
146,0.9750804638217389,27777,20877,0.99,0.489079,637.1,294.2,175.5,195.4,636.76,292.05,176.41,199.36
154,0.9820859314632897,5886,13395,0.994,0.655084,596.9,685.1,233.0,487.2,593.55,685.28,236.67,485.99
154,0.9642558393154796,5094,3743,0.982,0.924372,108.8,804.9,278.4,275.4,106.47,800.63,277.29,279.55
154,0.9488739773243049,23223,12778,0.978,0.992609,89.4,135.1,318.8,492.2,87.65,126.54,326.84,505.96
155,0.919185894697908,5886,13395,0.993,0.642397,112.1,82.3,235.3,477.3,122.23,91.14,223.51,461.87
155,0.9815052661440882,5094,31863,0.988,0.494479,546.2,186.6,272.2,267.4,547.14,186.55,269.88,270.14
155,0.9861336893849867,23223,12778,0.969,0.950488,534.5,575.1,318.1,496.1,532.86,576.72,321.18,495.02
156,0.9660937725712392,5886,13395,0.995,0.744446,604.4,685.4,245.9,504.4,599.41,685.87,251.41,498.08
156,0.9567799398225483,5094,3743,0.981,0.877929,110.7,816.3,285.3,285.8,107.94,812.47,282.28,289.33
156,0.9525021631582482,23223,12778,0.976,0.991748,94.4,169.4,316.4,487.9,89.2,164.74,325.48,497.94
159,0.9487109172221039,27777,20877,0.983,0.780115,177.7,815.5,174.5,198.7,176.71,813.08,177.96,205.37
160,0.9425119974398151,23203,28763,0.991,0.462576,211.2,315.1,134.7,138.4,210.96,319.97,136.16,131.79
160,0.9738508429575581,16551,35206,0.973,0.73148,575.2,264.0,289.1,467.3,571.29,264.67,290.08,467.32
162,0.9218921896462785,23203,20238,0.989,0.865599,652.5,852.1,139.6,138.3,654.27,857.31,137.75,129.21
163,0.9436736823127024,27777,20877,0.988,0.737848,179.4,814.9,173.9,199.2,178.21,812.8,178.97,205.11
170,0.8927070123187546,6192,12778,0.993,0.762124,112.9,145.8,313.1,537.7,125.63,161.71,292.97,512.99
170,0.9768095019738264,5094,3743,0.985,0.841082,107.1,810.2,283.3,287.0,106.04,812.56,281.7,285.24
172,0.9677995348123747,27653,28763,0.989,0.987731,94.6,853.1,221.5,205.4,96.7,852.96,216.46,203.69
172,0.9477173839493287,25367,30308,0.982,0.275202,112.4,63.1,342.2,500.7,123.28,68.17,334.63,496.5
173,0.9591760879218,27653,28763,0.98,0.991523,61.1,810.0,223.5,210.6,63.04,810.66,217.39,207.68
174,0.9571855741570644,27653,28763,0.99,0.99395,672.6,254.8,219.4,200.4,678.88,256.71,212.81,197.76
183,0.9529222139211805,10221,16262,0.983,0.684937,160.6,261.5,216.2,212.4,157.14,260.3,223.69,215.43
183,0.9745810749039735,6563,27926,0.976,0.978965,591.8,240.0,213.4,338.2,587.73,239.03,218.03,338.68
185,0.9365635059213117,23203,20238,0.992,0.823824,627.2,821.7,140.5,140.2,628.38,824.97,141.01,133.94
186,0.9441386537364265,23203,20238,0.983,0.346755,655.1,853.4,138.0,136.8,656.11,856.62,137.29,130.38
189,0.9647271518010817,5094,3743,0.996,0.939876,137.5,858.4,286.5,285.5,135.81,855.47,282.56,288.48
191,0.9830602728596142,10221,16548,0.997,0.39852,93.4,790.3,224.7,218.3,91.93,788.62,226.61,220.19
199,0.9565408737559477,27777,20877,0.989,0.4778,176.8,811.3,175.1,200.7,175.09,811.12,178.98,205.27
205,0.9487699515007733,23203,20238,0.994,0.895173,622.4,848.3,141.7,141.0,623.67,851.47,140.26,135.15
205,0.9637301038014612,6563,27926,0.98,0.997823,166.7,674.6,217.0,363.6,164.93,673.6,224.34,364.94
212,0.9640196629250004,21026,3544,0.994,0.969717,138.3,867.5,177.9,178.4,138.97,868.92,178.76,174.08
213,0.971952434414594,21026,3544,0.994,0.900312,103.8,833.5,180.2,181.1,103.87,832.73,181.16,178.6
213,0.9563612403740009,16551,27733,0.981,0.826584,453.0,124.2,430.4,347.3,449.29,123.77,438.29,356.61
214,0.9774418315894073,27926,35206,0.993,0.36111,88.7,612.6,272.0,486.8,88.62,615.38,275.62,482.09
215,0.963036300282581,16551,27926,0.977,0.557545,594.4,61.2,290.1,481.4,599.05,56.92,288.66,484.81
217,0.9735044107019121,6192,12778,0.985,0.941835,126.6,119.2,279.1,540.4,126.19,122.01,282.3,532.02
219,0.9285607028780869,6192,12778,0.991,0.996088,534.8,542.0,275.1,533.5,519.21,547.24,290.08,524.13
229,0.947931332887002,5886,13395,0.991,0.815282,97.7,67.8,244.9,477.8,100.11,74.89,237.04,467.94
229,0.964957887935914,23223,19552,0.98,0.783393,494.7,657.7,407.7,446.7,498.86,662.39,399.91,444.67
231,0.9691650572405457,5886,12081,0.993,0.267918,614.0,694.9,234.5,510.2,610.75,697.43,236.41,504.12
231,0.9721006545446281,23223,19552,0.973,0.657949,59.6,133.2,387.5,442.8,57.69,139.41,390.56,439.44
236,0.957187456820927,27653,28763,0.991,0.996901,671.5,254.6,219.4,199.0,676.96,256.54,213.61,198.54
237,0.9618184005042637,27653,28763,0.98,0.992453,62.8,811.2,222.0,210.1,64.79,811.28,216.91,206.82
244,0.9432381725251442,23203,20238,0.993,0.821093,649.6,878.8,138.9,136.8,651.27,883.28,136.66,131.15
244,0.9615825213624536,16551,27926,0.981,0.407684,579.9,4.4,286.8,480.2,583.63,7.9,288.03,477.55
244,0.9475522651217578,6563,27926,0.972,0.991014,197.1,714.8,217.4,358.7,195.33,718.3,224.76,359.2
247,0.922588563980317,6192,12778,0.991,0.501927,57.6,122.0,337.3,517.0,63.9,139.87,325.23,494.68
249,0.963945744768192,6192,12778,0.996,0.264326,552.3,593.3,345.8,504.4,555.23,598.22,338.35,496.92
256,0.9249871274550587,5886,13395,0.991,0.323548,109.6,85.8,235.8,475.3,118.71,94.02,223.02,464.84
262,0.9696660684091244,27653,28763,0.979,0.991306,61.0,810.5,223.9,210.1,62.58,810.34,219.39,208.23
264,0.9566159155261652,27653,28763,0.993,0.995034,672.0,255.1,219.8,200.3,678.5,257.24,212.61,198.09
265,0.9617555989260745,27653,28763,0.991,0.996441,672.6,254.5,219.0,200.1,677.45,256.72,213.34,198.22
266,0.9616916192104181,27653,28763,0.99,0.981214,95.1,852.8,222.2,206.2,96.69,853.65,215.38,204.58
278,0.9828422341963264,30308,25367,0.986,0.786988,519.3,748.5,411.3,413.3,518.24,745.74,411.72,418.79
288,0.9534425034274288,27777,20877,0.989,0.756056,178.0,815.3,174.2,198.7,176.47,813.57,177.62,204.39
289,0.956471939733583,6192,12778,0.984,0.981598,92.4,40.9,278.5,545.0,88.67,39.72,287.11,539.54
291,0.9003148776886868,6192,12778,0.975,0.981084,570.6,613.5,274.2,541.7,551.0,609.07,298.98,540.06
292,0.9241903477791896,5886,12081,0.992,0.759901,114.5,83.6,229.0,476.9,122.56,90.66,216.79,465.57
299,0.9011994655072829,31705,30308,0.969,0.52324,141.3,643.6,249.7,452.3,134.25,648.42,273.67,448.65
304,0.9649281100843428,4378,13395,0.978,0.945353,596.0,702.4,233.6,467.0,591.62,703.96,235.75,463.43
304,0.9267627018544331,22627,12778,0.961,0.994106,106.8,138.5,308.1,492.2,96.25,123.81,320.92,509.88
317,0.9797814363756107,10221,33208,0.996,0.338798,126.2,845.2,228.1,227.5,125.42,844.24,229.54,226.2
323,0.9656418478840441,27653,28763,0.991,0.997344,672.2,254.1,218.6,198.7,676.55,256.09,213.96,197.41
324,0.9760616720068066,27653,28763,0.986,0.985425,96.4,854.2,220.9,205.6,97.44,854.5,216.56,204.7
327,0.9519335539101201,27777,20877,0.986,0.854935,177.7,815.2,174.4,198.7,176.21,813.58,178.01,204.5
328,0.973332943005272,36637,20877,0.944,0.33092,103.4,881.9,266.2,179.1,98.05,881.16,270.91,179.95
332,0.9898201009476307,12420,4543,0.992,0.996641,81.7,823.3,191.2,183.3,82.01,823.68,190.12,183.38
332,0.9635036832680366,16551,27926,0.982,0.309943,563.3,536.1,285.9,490.7,564.49,537.36,292.94,490.49
341,0.9473912110976758,27777,20877,0.98,0.876503,178.6,815.7,173.8,198.7,176.98,814.37,178.51,204.2
344,0.951066530721203,27777,20877,0.984,0.780637,177.6,815.6,174.7,198.5,176.33,813.8,178.43,204.35
346,0.9558795928101356,27777,20877,0.991,0.825486,179.5,813.4,174.1,201.2,178.47,812.87,178.69,205.08
349,0.9550289403711578,27777,20877,0.987,0.78943,178.8,814.0,174.5,200.2,177.99,813.02,178.91,204.46
352,0.9684055637460025,5094,3743,0.989,0.902459,138.2,858.6,286.2,286.1,136.88,856.48,282.29,287.7
352,0.9648615836940966,19552,12778,0.965,0.845064,107.8,170.1,331.8,493.4,109.75,166.3,336.57,498.3
355,0.9690373695792409,5094,31863,0.989,0.863601,550.0,189.3,271.8,268.3,550.35,191.16,268.93,270.23
355,0.9773827148214815,23223,12778,0.975,0.964405,541.5,589.7,302.9,504.3,535.97,589.68,307.27,504.78
356,0.9772996781192119,5094,3743,0.988,0.801074,105.9,800.0,278.3,276.8,105.8,801.05,275.08,273.88
356,0.9222241394532121,23223,12778,0.97,0.991357,94.0,110.7,302.9,500.4,88.33,97.79,318.01,516.82
359,0.9540888139390671,27777,20877,0.99,0.723644,176.6,811.2,175.2,200.6,175.01,810.6,178.93,205.87
382,0.9672397288006667,5886,13395,0.994,0.948702,614.4,694.8,234.1,510.3,610.31,697.29,237.08,504.5
382,0.9776761246637313,12778,19552,0.98,0.962243,97.5,128.2,375.4,455.7,96.0,132.21,378.37,449.0
384,0.9760106351412315,5886,13395,0.989,0.756981,599.9,696.5,238.7,494.9,599.49,700.81,240.66,486.93
384,0.9833810125446968,12778,19552,0.972,0.851688,93.0,88.2,383.4,460.7,92.62,86.59,384.85,457.94
387,0.9652465782741816,27653,28763,0.993,0.995071,671.1,254.6,218.8,199.8,675.45,256.95,213.72,197.46
392,0.97251361830194,21026,3544,0.989,0.721667,685.8,274.2,176.1,173.4,684.42,275.78,176.66,170.73
392,0.9073194221025219,16551,27926,0.944,0.455672,112.4,701.4,293.5,496.5,106.7,668.73,295.03,528.74
393,0.9705882501087967,21026,3544,0.995,0.964103,91.8,830.8,180.8,180.9,93.09,831.2,180.91,178.19
409,0.972419784275763,10224,25367,0.984,0.584677,540.2,129.3,377.0,280.5,540.33,128.4,379.13,286.64
411,0.9910002279325023,10224,25367,0.981,0.941497,31.8,828.8,391.2,299.6,30.8,828.83,392.76,301.06
412,0.9793533679633568,5094,3743,0.987,0.845069,107.0,810.2,284.3,287.0,106.39,811.7,281.39,285.8
412,0.9691112274896067,19552,12778,0.961,0.76877,114.9,187.7,309.7,499.1,111.56,180.51,314.48,507.18
413,0.9802249252088834,5094,3743,0.987,0.857336,105.8,800.3,278.6,276.0,105.65,800.57,274.89,274.49
413,0.948018323667137,19552,12778,0.962,0.961399,112.4,159.8,311.1,496.1,104.96,150.47,320.85,507.4
414,0.9701509390222125,5094,31863,0.989,0.862031,550.8,190.0,270.2,267.4,549.76,190.72,269.31,271.19
414,0.9467929448550859,19552,12778,0.972,0.982616,519.7,549.7,304.8,494.2,514.67,544.44,318.29,499.85
430,0.9511573185621163,33878,28763,0.99,0.815576,615.3,791.3,174.2,220.7,615.48,793.89,168.68,216.79
430,0.9488639268483994,16551,35206,0.981,0.723155,70.5,611.4,404.2,405.5,71.15,613.86,413.15,411.85
431,0.9587955388370154,16551,27733,0.977,0.371652,105.1,664.0,399.3,397.6,97.22,664.36,411.55,401.63
431,0.9434045499699565,33878,28763,0.977,0.538716,647.5,831.0,159.7,212.2,645.55,832.13,167.83,210.29
432,0.9091039651900631,33878,28763,0.991,0.766626,192.6,258.7,160.1,212.0,198.39,252.3,158.52,219.26
443,0.9639917687066406,4378,13395,0.976,0.509746,76.2,102.1,222.3,436.0,80.38,103.62,216.47,431.62
443,0.9498156850520042,22627,19552,0.965,0.609674,530.7,683.7,346.8,477.5,537.79,679.04,334.55,479.23
444,0.948261506483807,4378,13395,0.968,0.927723,654.1,701.5,218.2,478.7,651.32,707.05,218.79,464.2
444,0.9307627687586751,22627,12778,0.964,0.995929,72.7,57.6,340.3,494.4,80.26,73.27,336.32,482.25
449,0.9682484356781539,27653,28763,0.987,0.978098,96.3,853.5,221.7,204.6,97.66,852.75,215.87,204.93
454,0.9186726697264064,5886,13395,0.993,0.57412,124.4,78.9,234.6,483.3,132.45,92.04,224.97,463.0
454,0.9810898248317725,5094,31863,0.99,0.402582,561.2,196.6,272.4,267.2,559.97,196.45,271.52,269.04
454,0.9364978355477275,6192,12778,0.986,0.966593,495.5,588.9,299.4,524.6,485.96,591.18,302.04,518.72
455,0.9787898329593883,5886,13395,0.997,0.965397,585.9,682.8,230.2,488.4,583.48,681.2,234.32,490.21
455,0.9417668584773596,6192,12778,0.988,0.947929,139.7,80.6,302.5,532.2,138.35,92.75,298.03,513.24
455,0.9652995126353417,5094,31863,0.988,0.849089,93.0,795.1,280.4,274.1,94.12,791.03,274.94,278.51
456,0.9792542288946021,5886,13395,0.994,0.75695,591.2,683.4,243.7,501.7,587.68,684.33,246.84,499.13
456,0.9251407657244121,6192,12778,0.994,0.987621,141.8,111.0,299.5,531.9,141.99,125.21,288.74,510.42
456,0.9581369329073612,5094,3743,0.992,0.942072,94.7,806.4,286.1,284.8,94.71,801.58,278.94,289.32
457,0.961744035272184,5094,3743,0.992,0.81095,134.1,834.0,279.4,274.0,132.52,830.18,276.38,278.71
457,0.9682278096622874,6192,12778,0.975,0.97789,109.4,150.4,281.1,537.5,106.78,152.69,287.06,531.33
458,0.959854688903254,5094,3743,0.997,0.944169,135.5,844.3,287.0,285.1,133.81,840.49,282.86,288.46
458,0.9619487733012296,13395,12081,0.98,0.292733,638.4,673.3,245.5,515.7,637.21,674.73,241.32,509.6
458,0.9550062739586623,6192,12778,0.98,0.981622,109.6,172.1,282.9,548.9,108.58,184.63,284.17,526.46
459,0.9759200016188745,5094,3743,0.995,0.618227,523.4,161.4,268.9,265.3,524.15,161.73,266.99,269.28
459,0.9338141042908518,13395,12081,0.99,0.978584,81.2,84.0,232.5,483.8,87.94,93.12,223.42,470.14
459,0.9148096236813978,6192,12778,0.975,0.995359,547.4,511.0,277.1,535.7,531.93,517.83,296.04,522.75
460,0.9421342927932405,23223,12778,0.991,0.976939,509.0,582.5,294.2,507.5,497.45,579.76,310.07,509.34
462,0.9839152822686584,23223,12778,0.988,0.989837,133.3,151.7,295.5,500.9,132.55,152.22,300.0,500.34
463,0.9594685278041231,27653,28763,0.991,0.997098,670.2,253.9,219.3,199.7,674.91,255.89,213.42,198.57
464,0.9630295206090372,27653,28763,0.98,0.993966,64.3,812.4,222.8,209.8,66.16,812.21,217.9,206.96
465,0.9689620184589272,27653,28763,0.985,0.973561,97.7,854.8,221.9,205.2,99.05,854.61,216.25,204.4
468,0.9867541442676824,23223,12778,0.973,0.984609,108.7,112.7,310.5,507.2,107.49,114.88,310.66,505.92
472,0.9681607466938851,33878,33009,0.999,0.930863,628.4,850.2,226.2,136.6,631.39,850.09,219.7,136.38
472,0.9505301175197093,6563,27926,0.976,0.998166,189.4,709.0,216.4,359.6,188.47,711.47,224.45,359.86
474,0.9311324853682905,33878,28763,0.996,0.622067,145.8,305.3,227.2,148.0,154.72,305.94,213.21,146.85
474,0.9663215395743858,6563,27926,0.975,0.984669,589.2,236.4,213.5,339.1,585.09,235.42,218.36,337.02
475,0.9887983239067629,13395,12081,0.988,0.950676,601.5,711.1,234.3,520.0,601.62,710.89,234.06,515.12
475,0.9549127308269106,19552,12778,0.966,0.632856,91.4,131.9,313.1,501.4,86.19,119.19,317.11,514.55
477,0.9793131904884194,19552,12778,0.972,0.938824,89.7,104.8,313.5,493.5,87.89,99.29,314.19,498.76
481,0.9671777042862826,5094,3743,0.997,0.836671,135.5,844.5,285.5,284.8,134.29,842.53,280.71,286.44
481,0.9500691607771943,22627,12778,0.976,0.995004,77.0,105.4,305.8,496.8,76.76,89.2,311.04,514.1
482,0.9789693369058897,5094,31863,0.996,0.752027,523.4,161.7,269.3,265.7,524.35,161.23,267.5,269.62
482,0.9313452495817549,13395,12081,0.991,0.976032,81.0,85.1,233.3,482.8,87.87,92.15,222.84,470.76
482,0.9661500017508049,22627,12778,0.981,0.996337,556.6,634.4,308.4,489.8,550.49,630.38,315.83,492.59
493,0.9792574045097845,21026,3544,0.986,0.804607,686.2,274.6,175.3,172.9,684.4,275.45,176.84,171.29
494,0.9734590582871859,21026,3544,0.996,0.950383,91.8,831.2,180.1,180.2,93.14,831.25,180.16,178.09
515,0.9590987043936893,27777,20877,0.99,0.833185,178.7,813.5,174.7,200.8,178.02,812.62,178.61,204.78
517,0.976707722430475,27653,28763,0.991,0.983476,95.9,853.9,222.2,205.6,97.52,853.33,217.89,205.91
518,0.9600549965545442,27653,28763,0.984,0.994105,62.5,811.6,222.7,209.5,64.96,811.99,216.69,206.71
519,0.9689395951534543,27653,28763,0.992,0.99521,672.6,254.4,218.5,199.3,676.42,256.19,214.21,198.06
520,0.9736472747240658,27777,3483,0.99,0.36305,640.1,295.3,175.2,195.2,639.8,292.78,175.72,199.89
522,0.9449233343816059,27777,20877,0.985,0.623577,177.1,812.4,174.8,199.4,174.94,810.69,179.14,205.91
532,0.9618093372476973,5886,13395,0.995,0.901123,614.3,696.0,234.1,509.9,608.47,698.31,239.79,502.77
533,0.9748306577987439,5886,13395,0.992,0.588711,599.5,696.7,239.0,496.0,599.64,701.13,240.14,486.34
534,0.9414061980814613,5886,13395,0.99,0.805336,98.5,64.5,242.3,481.3,100.74,77.89,236.48,464.25
551,0.957504408363096,27653,28763,0.992,0.996454,670.1,253.9,219.6,200.5,675.13,256.19,213.45,198.94
552,0.9593251907523758,27653,28763,0.99,0.979889,97.2,854.0,222.7,205.7,99.62,854.33,215.19,204.22
565,0.9785627758731102,12778,19552,0.982,0.989688,28.7,159.6,404.5,433.7,31.42,162.19,400.52,428.62
565,0.9768180648368573,5094,31863,0.982,0.341661,106.7,809.2,284.7,287.8,105.87,810.97,282.05,285.43
571,0.9684766357026329,21026,3544,0.996,0.947561,90.9,830.1,180.5,180.6,92.43,830.63,180.67,178.04
571,0.9711055729086566,24850,29345,0.982,0.47821,119.6,137.5,180.6,282.9,122.2,136.73,179.43,282.46
572,0.9751723214056908,21026,3544,0.986,0.706986,686.5,275.2,175.8,173.7,686.05,276.97,175.47,170.57
572,0.9765432954793125,24850,29345,0.979,0.692003,673.6,830.1,189.9,300.4,674.06,828.04,188.56,299.51
573,0.9813907369909682,21026,3544,0.994,0.958489,125.1,864.9,178.7,177.1,125.81,865.73,178.49,174.98
573,0.9720076316301313,24850,29345,0.987,0.946712,136.2,143.6,185.2,289.0,139.13,141.35,182.81,290.7
574,0.990763827949901,13395,12081,0.987,0.289613,630.6,675.9,227.9,496.9,630.7,675.3,228.19,494.56
574,0.920099599135219,22627,12778,0.969,0.997186,95.4,177.1,308.0,481.2,90.45,156.67,319.28,504.51
575,0.9394493737321996,13395,12081,0.987,0.990713,83.6,84.8,232.7,481.9,91.1,92.59,223.65,471.04
575,0.9359762341406468,22627,12778,0.978,0.998594,536.2,547.4,306.2,484.9,530.83,540.65,321.76,490.24
576,0.9725968313696277,22627,12778,0.979,0.994565,97.4,199.6,309.2,487.6,96.73,193.77,312.9,495.41
583,0.924424182448277,5886,13395,0.994,0.408846,111.8,82.6,235.7,477.3,120.82,92.18,225.2,461.8
583,0.9797948634029707,5094,31863,0.986,0.505405,546.1,186.7,272.1,267.0,547.37,186.35,269.34,269.77
584,0.9714000613707029,5886,13395,0.996,0.804036,603.7,685.7,246.6,504.4,600.17,686.61,250.4,497.42
584,0.9593803283729637,5094,31863,0.983,0.803046,110.3,817.4,285.2,284.4,107.75,815.2,281.39,285.89
589,0.9424863635334858,25367,30308,0.981,0.358913,25.9,110.7,351.9,497.2,34.35,115.41,336.5,490.05
591,0.9654743901051672,25367,30308,0.991,0.808831,627.5,645.0,348.5,504.8,633.43,647.2,338.09,502.83
605,0.9738987599998365,27653,28763,0.986,0.980064,96.6,855.3,221.7,204.9,98.65,854.95,216.92,204.64
610,0.9525572569612998,27653,28763,0.985,0.990469,61.9,810.4,223.6,210.8,64.18,810.79,216.4,207.48
611,0.9579852502125478,27653,28763,0.992,0.996554,671.6,254.9,219.9,200.1,677.85,256.34,212.82,198.07
612,0.969998304828855,27653,28763,0.989,0.983688,95.3,853.4,221.9,205.4,97.42,853.03,216.91,204.55
620,0.9869649872994604,5094,31863,0.986,0.815235,520.3,151.1,269.9,264.3,520.93,151.05,267.04,264.96
620,0.9675681725361551,23223,12778,0.976,0.988152,546.1,635.9,297.9,511.6,539.86,640.99,304.04,507.59
621,0.9744190203637101,5094,3743,0.993,0.725604,137.4,848.0,278.1,273.1,135.9,847.33,275.56,274.74
621,0.9612427411416764,23223,12778,0.977,0.987382,91.1,53.1,301.5,508.4,86.54,57.54,310.2,505.26
632,0.9265143844990301,5886,13395,0.994,0.32026,115.8,83.8,235.7,478.4,123.73,90.9,224.33,465.71
632,0.9601712649034719,23223,12778,0.983,0.984458,501.8,602.4,300.6,509.9,496.25,602.38,300.21,508.7
633,0.980488682351042,5886,13395,0.994,0.685645,599.8,681.1,246.2,502.7,598.1,679.73,246.33,502.19
633,0.963025664656502,23223,12778,0.983,0.987925,137.6,133.9,295.8,496.6,132.88,131.42,305.6,499.13
635,0.9306997958466195,33878,28763,0.987,0.937405,615.1,790.7,175.2,222.1,617.35,794.68,167.4,216.34
636,0.9135177823607566,33878,28763,0.989,0.978195,193.7,257.3,159.4,211.5,199.47,251.26,157.0,218.78
637,0.9672828996442794,5886,13395,0.995,0.853544,614.2,695.4,234.6,508.6,609.51,697.46,238.6,503.17
637,0.9502590689406262,6192,19552,0.991,0.940287,55.0,190.1,483.1,348.9,55.02,193.85,467.99,342.25
638,0.982298065576303,5886,13395,0.992,0.730624,599.9,697.3,239.3,493.9,599.41,699.46,240.61,487.78
638,0.9556559759615899,6192,19552,0.985,0.971043,52.3,157.3,485.2,343.7,50.82,157.23,473.09,348.65
644,0.933188524697725,13395,12081,0.989,0.917834,72.4,88.4,237.4,481.5,79.09,93.89,225.84,472.33
644,0.917792321540281,6192,12778,0.972,0.98179,504.0,604.2,275.7,542.0,489.03,608.75,294.8,531.22
647,0.9581511232651562,27777,20877,0.984,0.856278,178.9,813.9,173.9,199.9,177.74,813.09,177.9,203.94
656,0.9548341524767802,33878,33009,0.998,0.931667,626.8,850.4,228.0,136.0,631.55,850.88,218.78,135.33
656,0.9512233826855427,6563,27926,0.978,0.997867,190.0,708.6,216.3,359.7,188.75,711.54,223.74,359.74
656,0.9746320463419751,16551,35206,0.977,0.656777,539.6,181.9,411.6,382.9,534.46,181.53,417.44,387.37
658,0.9675887107586609,18110,3544,0.997,0.302685,80.0,792.6,303.8,286.1,80.5,795.05,301.7,288.71
658,0.9701255482456139,16551,27926,0.96,0.548325,632.5,9.9,288.0,484.5,632.91,14.5,282.87,478.55
659,0.9582558437703254,18110,33208,0.997,0.364638,45.2,748.1,311.6,298.5,45.28,751.84,304.38,296.78
659,0.9837495147886879,16551,27926,0.973,0.548571,603.3,7.7,278.8,469.1,603.87,12.68,278.79,464.91
660,0.9623390894254695,18110,33208,0.997,0.435459,610.1,226.0,302.3,287.4,607.06,226.91,301.45,290.09
667,0.9845363521306159,22627,19552,0.994,0.666575,24.0,140.8,472.2,281.4,28.44,140.18,467.29,281.19
668,0.983873503591788,22627,19552,0.99,0.375914,431.4,772.1,487.5,300.9,432.83,773.24,482.88,298.88
674,0.974514805434581,44199,27993,0.99,0.655083,136.5,294.0,282.9,145.5,137.12,292.13,282.86,148.68
675,0.9719418774891087,27926,35206,0.992,0.312505,94.7,613.4,269.6,487.3,93.49,615.2,274.87,482.8
675,0.9841112845865833,44199,27993,0.978,0.98256,551.0,833.6,292.4,146.9,551.08,833.18,294.25,146.39
677,0.9469685977635867,18110,16262,0.993,0.250705,17.9,694.4,308.7,295.7,17.23,699.29,302.22,294.54
679,0.9827520071938544,5094,31863,0.986,0.824183,106.3,811.9,283.3,285.6,105.17,811.85,280.8,285.55
679,0.963316059930812,4378,13395,0.972,0.461663,599.2,699.3,223.8,471.7,596.95,702.43,223.59,463.99
679,0.9520315259028684,22627,12778,0.957,0.952877,132.0,155.5,339.1,474.3,129.35,142.31,345.21,489.38
680,0.9670680342103557,5094,3743,0.986,0.824925,551.1,190.6,271.6,268.3,552.11,193.58,268.77,268.55
680,0.9810164996485335,22627,12778,0.968,0.94886,470.9,606.5,343.4,470.2,473.03,602.04,341.8,473.71
680,0.9317445061578318,4378,12081,0.956,0.923893,135.3,102.3,216.8,443.2,143.67,108.34,205.9,434.81
681,0.9816147681056866,5094,31863,0.981,0.85816,104.0,800.8,278.8,273.5,103.47,801.02,275.38,273.72
681,0.9722261671174878,4378,12081,0.973,0.892054,592.4,697.5,214.1,455.9,588.94,700.77,216.82,451.9
681,0.9921468222561624,22627,12778,0.962,0.993572,131.2,127.2,339.4,470.6,132.15,127.86,339.5,470.22
685,0.9461272968888296,6192,12778,0.985,0.953863,88.2,6.3,306.0,530.2,96.0,15.66,297.2,516.49
692,0.9642059701554795,27653,28763,0.99,0.996807,672.0,254.4,219.0,199.6,676.56,256.39,214.05,198.34
702,0.9793185231408238,30308,25367,0.988,0.27661,515.1,696.8,403.2,413.0,513.01,697.83,404.67,416.84
706,0.9685946316130053,5886,13395,0.994,0.812202,603.7,685.2,246.7,506.8,600.35,685.74,249.55,498.45
706,0.9580040510464098,5094,31863,0.98,0.75964,111.1,817.4,284.3,283.9,108.09,815.5,280.4,285.44
707,0.9274002876057934,5886,13395,0.994,0.430432,112.5,81.7,235.0,477.9,120.59,92.26,225.86,461.14
707,0.9825883277493346,5094,31863,0.987,0.362366,546.7,186.7,271.3,267.2,547.21,186.49,269.59,270.24
708,0.9785136223521546,5886,13395,0.993,0.668763,596.9,684.6,233.6,488.7,594.42,684.78,237.62,486.39
708,0.9609424953910227,5094,3743,0.982,0.911441,108.2,804.9,279.3,275.9,106.38,800.5,277.2,279.3
712,0.9654142076258952,5094,3743,0.996,0.904717,135.6,844.4,285.8,284.8,134.91,841.52,280.5,287.18
713,0.9783237238040565,5094,31863,0.995,0.511811,523.3,161.7,269.3,265.9,524.25,162.19,266.99,268.5
714,0.9612979647380768,5094,3743,0.991,0.72065,134.3,834.0,278.7,273.8,132.71,830.28,275.56,278.48
726,0.9646523680712638,10221,29667,0.974,0.319342,608.2,173.7,222.5,211.8,605.94,169.5,224.96,217.16
738,0.9119378254161816,31705,30308,0.974,0.432263,139.9,643.1,252.0,450.9,134.36,648.37,271.46,448.74
742,0.962360495752401,4378,13395,0.973,0.373763,78.5,101.9,218.0,437.7,82.71,103.77,212.16,432.82
742,0.9585195499808356,6192,12778,0.959,0.973814,562.6,538.1,283.1,532.3,561.74,541.65,289.92,522.28
743,0.9722766367144734,6192,12778,0.979,0.989502,92.3,125.7,285.5,537.5,94.64,125.64,286.3,532.78
743,0.9656398981395153,4378,13395,0.979,0.944527,642.7,701.8,220.9,458.7,643.12,707.36,216.18,452.61
752,0.9715898330472121,6563,27926,0.977,0.998996,165.7,672.9,219.4,364.3,165.21,671.23,224.29,365.15
773,0.9107480875801993,31705,30308,0.969,0.580244,140.3,644.5,250.8,449.1,134.46,647.18,272.02,449.46
785,0.9610885042518988,27653,28763,0.992,0.995568,671.8,254.3,219.5,200.5,676.43,256.41,214.12,197.54
787,0.9720266370166244,34597,30308,0.986,0.80184,536.8,654.3,354.0,510.1,534.72,652.78,350.0,512.8
788,0.9421744943148277,34597,30308,0.988,0.934681,94.8,60.9,344.7,491.8,101.8,68.97,330.37,483.46
807,0.9523540560903582,25367,30308,0.983,0.983394,610.4,708.6,318.4,522.9,613.94,709.48,308.42,514.1
808,0.9557877561845687,29871,27926,0.982,0.961628,633.1,826.5,169.9,237.7,632.13,824.6,174.68,241.89
808,0.9425426641198904,6563,27926,0.969,0.996172,191.7,705.9,216.5,360.6,190.46,709.98,224.98,360.07
810,0.9671775313315222,6563,27926,0.982,0.99304,160.1,666.3,220.3,364.1,158.36,667.71,226.7,362.33
810,0.9290975996998584,29871,16232,0.981,0.961379,606.1,788.7,170.9,245.8,604.46,786.96,180.83,250.03
817,0.9681654180354345,27653,28763,0.992,0.985438,95.3,853.4,222.7,205.2,97.29,853.53,216.9,203.98
818,0.9580171472591748,27653,28763,0.991,0.997683,672.1,254.7,219.3,200.5,678.44,256.84,212.37,198.37
819,0.961459929344776,27653,28763,0.98,0.991197,62.0,810.6,222.9,210.4,64.09,811.36,217.84,206.99
820,0.945504683727718,4378,12081,0.948,0.267307,132.9,106.4,221.5,437.3,139.19,112.61,213.91,428.14
822,0.9551124605959043,4378,13395,0.982,0.921406,596.0,703.5,233.1,466.0,591.03,705.4,234.91,460.71
831,0.9491918935260768,27777,20877,0.987,0.723868,179.2,814.1,173.6,199.8,177.54,813.67,179.25,203.86
832,0.9645677409142049,21026,3544,0.995,0.973834,138.1,867.8,178.2,178.3,139.13,868.7,178.59,174.33
851,0.9631247962624683,22627,12778,0.967,0.989943,108.5,152.6,308.8,490.9,106.85,141.27,312.81,501.31
855,0.9601039002567865,4378,13395,0.977,0.917338,596.1,703.1,232.5,466.3,591.33,704.95,235.15,460.98
868,0.9668638472877734,27653,28763,0.99,0.982692,95.0,853.6,222.3,205.1,97.1,853.61,215.86,204.22
869,0.9688715288524633,27653,28763,0.982,0.990691,62.0,810.7,223.3,209.8,63.38,811.52,219.53,206.76
870,0.9633404439871472,27653,28763,0.991,0.997268,672.2,254.8,219.5,199.8,677.15,256.71,214.13,198.5
878,0.9620407118169472,27653,28763,0.988,0.976041,96.2,853.7,223.0,206.0,98.31,853.4,216.69,204.54
879,0.9849051492145322,34597,30308,0.989,0.7514,61.3,93.9,327.0,497.3,60.52,95.27,329.19,498.82
879,0.9649339262980151,27653,28763,0.983,0.99204,63.0,811.6,223.4,209.7,64.24,811.28,218.44,207.57
880,0.9345883858817708,13395,12081,0.984,0.98009,66.7,92.0,236.7,480.7,73.58,96.88,225.08,472.45
880,0.969406915832998,23223,12778,0.982,0.964441,508.8,603.2,303.9,505.8,505.24,602.74,312.94,506.69
880,0.983758336996127,5094,31863,0.973,0.608748,509.5,160.0,269.1,264.4,509.13,160.12,268.29,266.99
882,0.9688461645150119,5094,31863,0.989,0.887465,147.4,837.6,279.8,273.0,147.38,832.59,276.61,278.59
882,0.952454707674781,23223,12778,0.98,0.9918,123.4,94.7,306.6,501.0,124.74,87.18,312.79,511.2
895,0.9740111934681814,21026,3544,0.994,0.934568,100.5,819.5,180.0,181.1,100.13,821.41,181.09,177.44
895,0.9820102986255815,10221,3544,0.985,0.487821,584.7,775.1,227.3,222.3,583.87,772.74,227.78,224.12
896,0.9749951890445682,21026,3544,0.995,0.792276,133.7,854.1,179.2,177.6,134.17,856.5,179.43,174.28
896,0.9912915975285504,10221,29667,0.979,0.449815,613.0,812.2,222.1,214.3,612.67,811.97,223.54,214.79
897,0.9816086829102775,21026,3544,0.989,0.731126,677.8,285.0,176.2,172.6,676.41,285.31,178.05,171.19
898,0.9731808042762945,12247,1900,0.992,0.741637,616.3,205.8,176.5,185.7,618.79,207.84,173.93,183.39
919,0.9760428323873422,36637,20877,0.964,0.475444,102.8,882.5,266.3,179.8,98.21,881.71,270.47,180.37
920,0.9608217393496286,36637,20877,0.833,0.729231,593.2,203.5,254.3,169.9,589.69,200.9,259.28,171.57
931,0.9774334868924729,16551,27993,0.978,0.434324,479.4,243.6,483.9,263.0,478.26,246.49,482.83,261.4
932,0.9679218034043726,16551,27993,0.996,0.304288,453.4,221.2,479.3,266.7,449.04,223.1,484.5,268.76
933,0.9443704906114299,16551,27993,0.984,0.484587,20.2,733.6,497.3,280.1,13.19,736.88,508.63,283.39
936,0.9347634358539835,4378,13395,0.971,0.912865,655.5,702.6,216.0,477.5,651.18,710.83,217.83,460.26
936,0.9661194229491515,19552,12778,0.958,0.464281,115.3,193.7,314.9,493.2,113.67,185.9,320.07,502.25
937,0.9217788314746248,6192,12778,0.993,0.957818,121.0,82.3,301.8,548.9,132.24,90.05,285.33,535.17
937,0.9546829458931083,4378,13395,0.977,0.934023,596.4,702.4,232.8,466.7,591.73,706.58,234.65,459.93
938,0.9100238389961127,6192,12778,0.993,0.772645,118.8,58.2,299.7,541.0,132.48,71.99,282.11,523.02
938,0.9647074211647583,4378,13395,0.98,0.957148,589.0,699.8,223.5,452.2,585.89,703.45,223.7,448.09
945,0.965589773567293,25367,30308,0.994,0.991374,631.4,641.6,314.5,518.1,631.78,643.5,308.03,510.78
947,0.9581980465009776,27653,28763,0.99,0.997172,672.1,254.7,219.1,198.7,677.7,256.22,213.04,198.61
948,0.9766904923531533,27653,28763,0.987,0.983278,95.4,854.0,221.9,205.4,96.85,854.26,217.49,204.68
966,0.9550188506933345,18110,33208,0.999,0.347324,610.1,217.2,300.1,285.3,608.79,221.82,298.13,284.87
973,0.9707372923708388,21771,22347,0.97,0.345798,184.0,884.4,188.8,186.5,183.17,885.91,191.82,186.08
982,0.9559748526437123,23223,12778,0.975,0.992562,102.6,112.3,297.1,509.5,98.16,117.33,306.78,506.18
983,0.9319084303084187,23223,12778,0.981,0.987434,97.6,83.5,302.8,504.5,92.34,72.14,317.64,516.07
984,0.9296710575286505,13395,12081,0.984,0.985529,83.9,84.6,232.3,482.9,91.67,93.06,222.33,469.07
984,0.9662024938218663,23223,12778,0.971,0.962107,535.3,612.4,301.7,508.9,528.77,613.9,310.74,506.36
985,0.9900441058594626,24850,29451,0.981,0.472861,116.7,738.9,205.7,283.5,117.69,739.34,204.14,283.3
989,0.963720753716248,36637,16548,0.995,0.399231,591.9,195.4,257.9,153.9,588.21,193.14,262.32,155.32
991,0.9751958638243784,21026,3544,0.995,0.938407,100.6,819.5,179.8,180.9,100.35,821.65,180.65,177.23
991,0.981485019904038,10221,3544,0.985,0.661025,584.6,775.0,227.6,222.1,583.69,772.51,229.22,224.49
993,0.9749830039459786,21026,3544,0.994,0.736087,134.2,854.4,178.2,177.4,134.4,856.62,179.0,174.11
993,0.9875429592596064,10221,29667,0.987,0.372141,612.4,811.7,222.7,215.0,613.29,811.83,223.5,214.95
994,0.9591566043324291,27653,28763,0.993,0.994896,671.2,254.5,220.3,199.7,676.71,256.65,214.08,198.01
996,0.9664085105242912,27653,28763,0.989,0.981112,95.7,853.6,222.3,205.4,97.42,853.48,215.7,204.81
997,0.9770505291801834,29451,27993,0.988,0.525204,456.4,806.3,426.1,226.8,455.89,809.51,428.21,224.52
997,0.9498296887097858,16551,27926,0.976,0.582328,590.0,62.7,279.2,467.9,587.08,56.77,286.95,479.31
1012,0.9842989150446092,24850,29345,0.985,0.467389,139.6,702.2,185.7,296.3,139.38,705.19,185.33,292.92
1013,0.9674897241924592,24850,29345,0.98,0.576922,637.4,274.9,181.9,277.2,638.09,274.48,177.89,275.06
1014,0.9796892002061872,24850,29345,0.981,0.749222,172.0,740.7,184.2,291.5,173.29,743.15,183.18,288.01
1023,0.974135127927997,16551,27926,0.978,0.35265,653.4,28.7,293.8,482.7,653.2,27.23,288.43,482.53
1050,0.9694824277249274,5094,3743,0.992,0.856314,137.2,848.0,279.0,273.0,135.96,846.67,275.57,275.7
1050,0.9587444691083472,22362,3743,0.983,0.362841,608.1,781.3,255.5,405.9,605.89,777.28,251.87,410.24
1050,0.9631516926476568,22627,12778,0.971,0.991683,90.3,174.8,338.7,469.8,90.55,170.68,346.4,476.24
1051,0.9691545014680943,5094,3743,0.984,0.85148,550.8,191.3,271.5,267.7,552.2,193.56,267.83,267.96
1051,0.9400240650229863,4378,12081,0.957,0.952488,136.1,102.5,216.1,443.0,143.16,105.79,205.43,438.06
1053,0.9830048219325623,5094,31863,0.977,0.877137,104.0,800.8,278.2,273.4,103.57,801.19,275.32,273.62
1053,0.9740383655183813,4378,12081,0.975,0.850789,592.4,696.9,213.9,456.0,588.68,699.7,217.26,452.59
1053,0.9693090017689158,23223,12778,0.956,0.287042,77.4,76.0,377.8,465.7,81.7,84.28,373.64,458.09
1057,0.9654699324640152,4378,13395,0.98,0.947968,642.3,701.6,221.3,457.6,642.62,707.51,216.63,452.07
1058,0.935115210573201,4378,13395,0.968,0.815134,657.8,701.3,213.0,479.6,653.55,709.09,214.71,462.63
1060,0.8927029652728324,13395,12081,0.985,0.882261,110.3,46.9,246.1,487.1,121.46,56.57,225.99,473.53
1060,0.9694483481708212,22627,19552,0.973,0.802649,529.1,643.4,355.1,471.4,534.66,642.51,353.14,470.72
1067,0.9575622641061433,27653,28763,0.993,0.99605,672.3,255.0,219.4,199.7,678.46,256.88,212.59,198.31
1069,0.9670497059063845,21026,3544,0.996,0.960571,137.9,867.9,177.6,178.1,138.47,869.35,178.62,174.3
1070,0.9839267949924204,21771,3544,0.993,0.514085,686.7,883.7,198.7,192.2,686.21,883.09,199.87,191.43
1070,0.9841017308197577,21026,3544,0.985,0.775498,673.9,272.2,176.0,173.0,673.9,272.91,175.69,170.55
1081,0.9775005762204069,21026,3544,0.994,0.967913,126.2,865.6,177.7,177.5,127.02,866.65,176.83,174.36
1081,0.9819348239322924,44199,30308,0.993,0.446025,93.3,183.0,254.8,229.5,93.27,183.61,257.62,227.83
1089,0.9772711554929264,10221,16262,0.988,0.339804,105.9,834.7,230.1,226.4,104.19,833.36,230.69,226.64
1092,0.9765114858391462,44199,28763,0.985,0.521919,134.0,243.4,243.1,232.8,131.01,241.6,246.47,235.14
1092,0.956325353908665,33009,34597,0.974,0.6271,565.0,213.8,322.6,294.7,568.71,210.46,319.39,292.08
1096,0.9763944494546697,6563,27926,0.978,0.998589,165.7,672.5,220.1,365.2,164.6,672.05,224.6,364.75
1097,0.9485574509456788,6563,27926,0.978,0.989515,197.2,713.8,217.6,358.0,196.31,717.0,224.74,359.06
1097,0.9713644885766526,16551,4543,0.971,0.431574,508.3,126.5,453.0,325.3,510.2,125.69,450.48,333.07
1098,0.9761013141982384,6563,27926,0.988,0.961342,581.0,232.3,214.6,337.8,578.51,231.16,218.01,337.21
1098,0.9511693196209964,16551,4543,0.964,0.483881,22.6,784.5,466.3,342.5,19.53,786.61,462.77,348.51
1101,0.948211624130525,27777,20877,0.986,0.762938,177.4,812.2,174.5,198.8,175.77,810.62,177.97,205.57
1109,0.9685885341763477,27653,28763,0.985,0.982161,96.0,853.7,222.7,205.4,97.93,853.57,217.17,204.27
1111,0.9605925340669178,27653,28763,0.979,0.990651,61.4,810.6,223.3,210.0,63.31,811.12,217.83,206.79
1114,0.9634239784294364,27653,28763,0.993,0.995776,671.5,254.5,220.0,200.2,676.03,256.59,214.68,198.58
1115,0.9575522992273412,27653,28763,0.986,0.990392,62.1,810.7,223.8,210.2,64.03,811.52,217.55,207.06
1116,0.9601713827966744,27653,28763,0.989,0.987509,95.5,853.0,222.4,206.0,97.64,853.36,215.14,204.47
1118,0.9530504706130986,29871,16232,0.99,0.824115,199.4,241.2,169.2,232.2,195.17,238.45,174.16,236.7
1118,0.9533124328188839,6563,27926,0.973,0.993739,586.3,236.2,213.5,340.1,580.57,235.26,221.08,337.48
1119,0.9514766421151974,29871,16232,0.981,0.918782,634.0,826.6,169.0,237.8,631.9,824.35,174.09,242.62
1119,0.9481143986977794,6563,27926,0.975,0.995571,192.5,707.0,217.1,359.8,191.32,710.6,224.53,359.78
1135,0.964121339568393,18110,3544,0.99,0.291942,79.1,792.4,306.0,291.1,81.2,795.65,300.78,290.26
1135,0.9739981351144819,16551,27926,0.981,0.551882,607.1,55.8,286.9,479.6,607.46,50.53,290.54,485.03
1138,0.9642362735654321,27653,28763,0.987,0.993236,64.3,810.9,223.6,210.6,66.16,811.04,218.12,208.17
1140,0.9608904312399502,27653,28763,0.988,0.966434,97.6,853.8,222.9,206.3,99.65,853.72,215.59,205.11
1141,0.9339985754306445,23223,12778,0.977,0.981068,573.0,569.1,297.6,503.8,562.25,575.09,302.11,497.78
1142,0.9866384498250315,23223,12778,0.987,0.972209,68.1,134.0,298.1,496.2,68.09,131.88,296.21,499.72
1143,0.9744873347331341,23223,12778,0.99,0.985739,70.1,169.0,296.5,494.2,67.96,161.97,299.43,500.29
1150,0.952485600360832,27777,20877,0.988,0.705039,176.7,811.9,174.9,199.7,175.03,811.31,178.86,205.02
1163,0.9776517361084628,10221,16548,0.977,0.561579,657.1,199.4,225.3,211.9,656.35,198.23,224.85,214.89
1171,0.9813788958325402,10221,16548,0.998,0.279508,92.8,790.3,225.3,217.5,91.48,789.22,227.09,219.88
1174,0.9515029667442969,27653,28763,0.993,0.995867,672.5,254.6,219.7,200.7,678.89,256.79,212.4,197.53
1176,0.9688795673063216,27653,28763,0.99,0.987437,94.6,852.7,222.1,205.4,96.84,852.95,216.58,204.08
1184,0.9815478241340172,21026,3544,0.986,0.785589,685.5,274.8,176.4,172.7,685.08,276.09,176.16,170.55
1184,0.9758625801693639,24850,29345,0.978,0.653868,673.9,828.8,189.6,300.6,673.16,826.63,189.37,300.29
1185,0.9725325909468103,21026,3544,0.994,0.946143,126.2,865.4,178.0,177.9,127.23,866.75,177.47,174.5
1185,0.97195851263644,24850,29345,0.988,0.955173,135.7,144.6,186.0,288.7,138.92,141.82,182.62,291.28
1186,0.9701272426028584,5094,3743,0.986,0.863927,551.3,191.0,271.0,267.3,552.16,193.04,268.69,269.09
1186,0.9468870129716923,4378,12081,0.964,0.934815,136.3,103.0,214.6,442.4,143.17,105.9,205.6,437.24
1187,0.9658455459101176,4378,12081,0.979,0.909921,593.0,698.2,213.1,454.5,587.57,700.91,218.25,450.66
1187,0.9834871550971932,5094,31863,0.975,0.796019,103.4,800.8,278.7,273.5,103.56,801.71,275.49,273.07
1187,0.9531821097673653,19552,12778,0.968,0.631262,109.6,156.6,321.3,490.3,112.3,151.49,328.07,495.32
1189,0.9438323773540886,22627,12778,0.959,0.995715,100.5,133.2,310.4,483.2,93.69,126.05,322.97,492.03
1190,0.9200297962169762,22627,12778,0.956,0.99491,102.7,160.9,306.0,487.8,94.26,142.64,319.36,508.02
1191,0.9545080697318721,22627,12778,0.984,0.991864,530.0,588.3,308.4,485.1,522.05,581.33,317.91,491.11
1192,0.9581873969284926,16551,27926,0.96,0.892007,84.4,692.8,294.4,498.4,80.9,687.36,292.38,503.18
1194,0.9744492667943535,24850,30308,0.984,0.352459,166.0,818.0,181.9,291.3,166.29,818.38,184.67,292.77
1194,0.9858115777904702,16551,27926,0.97,0.495847,613.3,61.2,288.9,483.1,615.09,60.61,288.92,483.99
1197,0.9495761272695777,27777,20877,0.988,0.774239,179.1,814.5,174.3,199.7,177.84,812.76,178.81,205.0
1198,0.9401932050941426,27777,20877,0.981,0.795092,178.9,816.7,173.8,198.3,176.89,814.13,178.91,204.89
1201,0.969375451852702,21026,3544,0.996,0.938912,102.4,821.3,178.7,180.6,101.98,823.15,180.36,176.66
1209,0.9463981569865324,27777,20877,0.988,0.759332,179.2,814.0,174.1,200.4,177.88,812.65,179.5,205.38
1213,0.990531626131577,5886,13395,0.992,0.615534,592.5,680.2,232.3,489.8,591.92,680.9,233.95,488.6
1213,0.9708174718228872,22627,12778,0.979,0.992064,105.0,1.7,314.0,485.5,102.78,3.44,320.29,486.81
1214,0.9764804285712573,5886,13395,0.993,0.569982,600.0,681.6,244.9,504.9,598.53,679.12,245.33,502.99
1214,0.963255765655897,22627,12778,0.966,0.993886,105.2,23.4,312.9,502.0,100.66,33.12,317.36,494.04
1216,0.9706465415101765,10221,16548,0.994,0.345934,130.8,849.8,229.6,223.8,128.76,845.88,231.57,226.98
1219,0.9690219531716783,10221,3544,0.988,0.301113,650.1,209.7,219.2,212.8,648.27,206.98,219.41,214.85
1220,0.9767661067592905,10221,16548,0.988,0.74693,680.6,215.5,224.8,214.3,678.18,215.82,224.72,213.95
1222,0.9590157881986736,27653,28763,0.982,0.992932,62.6,811.3,223.6,210.2,64.99,810.96,218.2,207.24
1224,0.9725511131801875,27653,28763,0.99,0.978282,96.2,853.6,221.5,205.7,97.84,853.49,216.84,204.57
1224,0.9743967176692858,25367,30308,0.987,0.620475,118.6,119.3,319.5,501.8,120.78,123.58,314.08,497.39
1226,0.9804080312041268,35206,27733,0.975,0.755225,580.7,97.6,289.4,375.1,581.99,93.46,289.17,379.52
1238,0.9723374917798272,44199,38162,0.985,0.287241,208.4,232.1,157.5,270.2,206.82,232.64,161.08,270.64
1239,0.9116149515945757,31705,30308,0.976,0.450555,140.0,644.3,251.7,449.8,134.2,647.94,272.45,448.78
1250,0.9756233327310968,5094,31863,0.984,0.874481,106.4,812.2,283.5,285.2,105.02,812.21,279.85,284.65
1250,0.9706467694719433,4378,13395,0.973,0.7819,599.0,698.8,224.7,471.9,597.59,701.89,223.28,466.77
1251,0.9673774823650239,5094,3743,0.986,0.826592,551.3,190.9,271.1,268.1,552.5,193.49,267.8,268.57
1251,0.9335488069909957,4378,13395,0.962,0.38846,135.6,103.0,217.1,443.5,143.3,106.56,206.07,436.19
1261,0.9695668646562119,27653,28763,0.986,0.984858,95.7,853.8,221.1,205.5,97.02,853.39,215.67,205.07
1262,0.9574071997952652,27653,28763,0.981,0.990859,61.8,810.7,223.1,210.7,64.17,811.69,217.3,207.11
1263,0.9559166178528773,27653,28763,0.991,0.996401,671.8,254.9,219.9,198.9,677.04,256.7,213.43,198.36
1270,0.9410962323635405,18110,33208,0.999,0.400418,639.5,266.3,302.4,288.2,640.28,273.52,296.7,285.81
1273,0.9783918517831809,6192,12778,0.979,0.966857,538.8,593.0,300.0,524.7,540.35,595.98,299.57,517.93
1274,0.9523570251501404,6192,12778,0.981,0.984013,99.9,74.6,301.0,536.0,107.87,77.71,294.84,527.45
1280,0.9732408535133988,16551,27926,0.976,0.775961,574.3,0.0,280.6,456.5,572.64,0.0,286.52,459.36
1282,0.9340942372974638,13395,12081,0.984,0.987939,84.2,84.6,232.3,481.8,92.05,93.44,222.58,469.7
1282,0.9381561932065139,19552,12778,0.98,0.916415,508.4,590.0,306.9,494.7,501.78,585.29,323.78,499.82
1284,0.9346614116939241,19552,12778,0.961,0.92601,122.7,115.7,310.9,501.4,123.03,102.83,323.26,514.88
1294,0.963112491574514,27653,28763,0.991,0.982089,95.7,853.3,222.9,206.0,97.88,853.04,216.2,205.06
1295,0.9626899693979329,27653,28763,0.983,0.991605,62.1,810.8,223.4,210.4,64.57,811.43,218.26,207.32
1296,0.9662992763299452,27653,28763,0.992,0.996505,671.6,254.6,219.5,200.1,675.98,256.31,214.19,198.15
1297,0.9790758421568223,12420,4543,0.996,0.996157,687.9,274.0,183.0,172.2,686.46,274.05,183.45,173.47
1298,0.9735617584438888,12420,4543,0.99,0.986997,117.7,861.6,187.0,179.9,117.67,859.59,189.0,182.83
1300,0.9732933323609546,27653,28763,0.991,0.986347,94.4,853.3,221.6,204.3,96.17,852.9,216.71,204.12
1302,0.9594403753733977,27653,28763,0.981,0.992553,61.1,810.0,223.6,210.5,63.43,810.82,218.57,206.61
1305,0.9813304573578667,44199,27993,0.99,0.289492,138.0,293.7,282.2,145.7,138.31,291.97,282.56,147.96
1312,0.9778345137897259,5886,13395,0.993,0.615981,596.9,685.2,233.5,488.3,594.45,685.17,237.48,485.63
1312,0.9613313264595672,5094,3743,0.984,0.802703,108.6,805.0,279.0,276.1,106.58,801.49,276.46,278.69
1312,0.9733591623476883,22627,12778,0.974,0.996166,69.8,51.7,325.1,487.0,70.98,50.41,328.69,491.32
1322,0.9762113832839522,6192,12778,0.992,0.777022,479.8,594.0,342.4,502.5,480.45,598.44,343.24,493.58
1322,0.9646054118275403,5094,3743,0.985,0.824588,551.1,191.2,271.3,266.9,552.21,193.6,268.14,268.66
1322,0.9441084856333033,4378,12081,0.956,0.927891,136.1,104.5,215.5,441.3,143.1,106.9,205.82,436.23
1323,0.9767951204308709,5094,31863,0.98,0.923116,103.4,800.1,279.3,274.2,103.46,801.93,274.78,272.5
1323,0.9699259636158137,4378,13395,0.97,0.893515,592.2,696.9,213.7,456.3,588.08,700.65,217.76,451.14
1328,0.9905560312970728,44199,35206,0.992,0.364474,626.1,810.1,208.4,270.2,626.46,809.4,207.1,271.08
1357,0.9795189793891733,12420,4543,0.993,0.987033,626.6,814.3,190.8,186.2,626.68,816.75,190.41,182.76
1357,0.9650591899285713,6563,27926,0.978,0.998456,164.8,673.3,219.1,364.3,162.44,673.05,226.6,364.09
1358,0.9774523281712896,12420,4543,0.996,0.994447,654.3,848.7,188.6,180.5,653.86,847.46,187.02,181.21
1358,0.9463638961909175,6563,27926,0.971,0.993747,196.5,714.6,217.3,358.2,194.45,718.19,225.08,358.29
1359,0.9737710258998349,12420,4543,0.991,0.994739,162.6,278.0,184.8,177.8,162.34,279.44,184.08,178.47
1359,0.9594966564433305,6563,27926,0.983,0.988777,583.0,232.3,213.3,336.8,579.21,229.13,218.61,337.43
1366,0.9552887913231803,27653,28763,0.991,0.991479,672.4,254.7,219.8,200.7,679.14,256.23,212.15,198.64
1367,0.9610726170848389,27653,28763,0.979,0.987596,61.4,810.9,223.0,209.7,63.21,811.12,216.79,207.31
1372,0.9683376236497624,5886,12081,0.994,0.403508,613.9,695.7,234.6,510.3,611.05,698.48,236.23,502.67
1372,0.9788991831056916,22627,12778,0.954,0.995939,81.4,89.2,321.8,491.1,84.29,90.17,320.57,492.71
1376,0.9739207451029482,16551,27926,0.952,0.512969,89.9,699.2,294.9,499.6,89.44,695.45,291.24,501.64
1379,0.9796796251108332,35206,27733,0.976,0.685274,584.7,97.5,286.0,375.2,585.86,92.73,284.03,380.38
1384,0.9451396588761299,27777,20877,0.987,0.637845,177.9,815.8,174.3,199.0,176.75,813.17,178.88,205.16
1387,0.9731739768453584,20877,27733,0.99,0.501632,138.8,831.1,278.6,313.7,138.92,833.62,273.81,311.75
1390,0.9646387814678635,22627,19552,0.987,0.57782,109.6,159.6,365.4,455.5,113.47,149.47,362.19,466.47
1392,0.9748799122619323,22627,19552,0.983,0.500216,106.9,131.1,368.8,453.1,113.62,132.98,362.92,451.51
1396,0.9818251848090257,5094,31863,0.995,0.435309,523.5,161.7,269.1,265.8,523.7,161.53,267.8,269.43
1396,0.9374238583759236,13395,12081,0.99,0.966416,81.8,85.4,231.1,482.2,88.42,92.57,222.04,470.47
1408,0.9770527511827055,21026,3544,0.986,0.805583,686.2,274.4,175.1,173.0,684.65,275.75,176.35,170.8
1411,0.9649832493768618,27653,28763,0.989,0.978328,96.3,853.9,222.8,206.0,98.35,854.5,216.48,204.59
1413,0.958351730365228,27653,28763,0.992,0.996437,671.2,254.2,219.2,199.8,676.21,256.46,212.97,198.02
1414,0.9760289265276963,10221,3544,0.983,0.472814,601.3,193.4,216.1,210.8,599.31,190.84,218.27,213.83
1418,0.9567020531951232,10224,27926,0.987,0.934072,561.3,92.8,242.5,392.7,559.06,87.61,240.14,396.69
1418,0.9116195119665983,31705,30308,0.971,0.277127,592.2,696.4,254.2,454.0,587.43,701.32,274.44,451.73
1425,0.9607213274650205,27777,20877,0.988,0.80337,178.8,814.1,173.8,199.4,177.34,813.35,177.2,203.57
1429,0.9750506921783744,10221,16548,0.983,0.458144,680.0,215.6,225.0,214.0,677.75,215.96,224.61,214.04
1431,0.9678337711903248,10221,3544,0.987,0.358584,649.7,209.6,219.5,212.6,647.75,206.32,220.03,215.42
1438,0.9793241626479627,12247,16262,0.998,0.799114,173.8,302.4,205.9,127.6,174.64,303.45,205.59,127.32
1438,0.9603398159910389,6563,27926,0.982,0.991831,582.1,233.1,212.9,336.0,577.82,230.85,219.25,336.73
1439,0.9924479306073211,12247,16262,0.997,0.842003,591.5,848.7,213.8,127.9,591.4,848.88,214.27,128.23
1439,0.9679299966013973,6563,27926,0.979,0.998653,166.6,673.4,218.9,363.7,165.14,672.33,225.23,365.19
1441,0.9737086451806675,36637,20877,0.97,0.471388,593.8,203.4,253.8,170.3,590.53,203.21,259.39,169.84
1442,0.9551078341213612,36637,20877,0.937,0.803931,623.5,209.8,259.5,169.7,619.03,206.2,265.67,173.05
1444,0.9684303176560151,23223,12778,0.955,0.993979,521.0,625.6,296.1,510.2,515.2,624.33,304.63,512.08
1444,0.9371326859815067,4378,13395,0.955,0.732481,132.9,103.6,221.9,440.5,138.91,112.96,214.66,426.73
1446,0.9621450810412415,23223,12778,0.989,0.977275,121.8,66.9,298.1,507.9,113.95,63.58,304.52,511.89
1446,0.9630445476309955,4378,13395,0.974,0.960541,588.8,700.3,223.7,451.4,585.45,703.12,223.78,447.72
1447,0.9669655382500828,10221,3544,0.98,0.2561,627.1,195.4,221.3,212.1,626.62,191.9,219.55,214.52
1449,0.9774160073029079,10221,16548,0.982,0.538229,656.8,200.1,225.9,212.3,656.32,197.92,224.57,215.03
1450,0.985344563227713,13395,12081,0.985,0.620833,587.7,711.7,237.0,499.4,587.66,712.32,235.06,496.31
1458,0.9707770923769145,4378,13395,0.984,0.911878,640.8,703.4,224.4,455.3,640.44,708.43,221.2,450.72
1458,0.9475711827355807,23223,12778,0.966,0.972981,72.9,168.5,302.7,499.1,75.26,159.91,307.88,509.99
1459,0.9784527947701133,5094,3743,0.983,0.868812,106.5,810.8,284.7,286.8,105.84,812.08,281.67,284.96
1459,0.9512248543111469,22627,12778,0.97,0.991366,75.8,183.3,317.9,475.8,72.83,171.78,316.66,489.18
1460,0.9671191739473415,5094,31863,0.988,0.881467,551.0,189.3,270.3,267.9,549.87,190.83,269.65,270.98
1460,0.9534033620469914,22627,12778,0.978,0.994269,548.1,574.4,317.2,480.3,536.61,572.86,325.93,481.73
1461,0.9751146951064593,5094,3743,0.984,0.822858,105.0,800.1,279.5,276.7,105.96,800.39,275.18,274.05
1461,0.9596222891764126,22627,12778,0.979,0.990609,71.3,153.0,322.3,476.2,75.4,145.93,314.87,485.0
1462,0.964111962604945,27653,28763,0.993,0.994893,671.3,253.9,218.7,200.9,675.28,256.57,214.16,198.68
1463,0.9668372463643647,27653,28763,0.991,0.966702,96.4,854.1,223.4,206.0,98.09,853.7,217.7,205.17
1464,0.9559687188369732,27653,28763,0.985,0.99291,63.4,811.6,222.8,210.1,65.17,811.9,216.42,206.77
1466,0.9629661920805928,27653,28763,0.982,0.988697,62.3,810.9,223.4,210.1,65.05,811.53,218.38,206.97
1473,0.9744140475425177,21026,3544,0.992,0.94718,126.2,865.6,178.3,177.6,127.55,866.69,177.11,174.53
1473,0.9634203355475525,16551,27926,0.973,0.579612,573.5,92.2,287.2,478.5,574.02,88.44,293.73,483.9
1474,0.9563456938410284,36637,20877,0.95,0.599984,621.8,208.3,259.9,169.7,617.26,206.41,266.81,170.32
1476,0.9689693525059712,36637,20877,0.951,0.896683,593.2,202.9,254.8,170.3,588.73,201.27,260.27,172.06
1480,0.9569344275863352,10221,16262,0.988,0.564817,159.7,262.8,218.4,210.3,157.17,260.32,223.25,214.99
1480,0.9815803226183757,6563,27926,0.975,0.96093,591.4,239.8,213.6,338.1,588.22,239.44,216.94,337.77
1485,0.9801661604063812,35206,27733,0.979,0.793775,584.1,97.7,287.0,375.0,585.96,94.11,284.37,379.12
1497,0.9533427610620197,34597,30308,0.965,0.930878,61.6,57.3,307.7,501.0,67.02,64.97,305.7,491.49
