원본id,uid,수정id
92,15421,1
114,38040,1
48,10244,2
116,47779,3
71,15635,9
78,21744,10
116,22148,10
6,15547,12
23,32553,12
53,16846,12
17,33741,14
14,34626,16
68,30671,17
80,34212,20
59,37914,21
16,35025,22
10,22189,29
31,35459,29
31,35467,29
87,50506,29
109,19874,29
76,12152,32
116,47708,33
20,40436,34
32,10637,35
12,17444,37
11,10795,38
68,30655,40
95,29750,40
37,15420,43
1,17196,44
103,24404,47
105,25589,48
32,10429,49
54,11515,49
12,23145,52
1,16001,53
7,32998,53
64,21250,54
109,48995,57
116,21924,58
1,32448,59
1,32456,59
99,38049,59
26,37089,60
85,35785,60
84,16473,61
73,47126,63
97,50777,63
48,15271,66
49,11514,67
19,30059,68
45,39491,70
55,23132,71
26,50504,72
85,35221,72
85,35229,72
11,10084,75
32,11477,76
32,12149,76
100,24438,78
55,31542,79
46,29844,80
34,29055,81
68,30635,82
95,29654,82
116,16409,84
103,49602,85
73,46026,86
12,39486,88
45,32685,88
108,41253,90
1,15414,92
19,39599,95
41,30000,95
82,29653,95
26,50640,97
31,48117,97
31,48129,97
109,19994,103
109,20002,103
82,30342,104
11,25562,105
38,25495,105
16,41304,108
32,10597,111
64,12918,111
75,22468,111
30,47537,112
30,47543,112
69,43806,112
98,26538,115
3,47780,116
